--
-- PostgreSQL database dump
--

-- Dumped from database version 14.6 (Homebrew)
-- Dumped by pg_dump version 14.6 (Homebrew)

SET statement_timeout = 0;
SET lock_timeout = 0;
SET idle_in_transaction_session_timeout = 0;
SET client_encoding = 'UTF8';
SET standard_conforming_strings = on;
SELECT pg_catalog.set_config('search_path', '', false);
SET check_function_bodies = false;
SET xmloption = content;
SET client_min_messages = warning;
SET row_security = off;

SET default_tablespace = '';

SET default_table_access_method = heap;

--
-- Name: post_likes; Type: TABLE; Schema: public; Owner: postgres
--

CREATE TABLE public.post_likes (
    id integer NOT NULL,
    post_id integer,
    user_id integer,
    created timestamp without time zone
);


ALTER TABLE public.post_likes OWNER TO postgres;

--
-- Name: post_likes_id_seq; Type: SEQUENCE; Schema: public; Owner: postgres
--

CREATE SEQUENCE public.post_likes_id_seq
    AS integer
    START WITH 1
    INCREMENT BY 1
    NO MINVALUE
    NO MAXVALUE
    CACHE 1;


ALTER TABLE public.post_likes_id_seq OWNER TO postgres;

--
-- Name: post_likes_id_seq; Type: SEQUENCE OWNED BY; Schema: public; Owner: postgres
--

ALTER SEQUENCE public.post_likes_id_seq OWNED BY public.post_likes.id;


--
-- Name: posts; Type: TABLE; Schema: public; Owner: postgres
--

CREATE TABLE public.posts (
    id integer NOT NULL,
    title character varying NOT NULL,
    description character varying,
    owner_id integer
);


ALTER TABLE public.posts OWNER TO postgres;

--
-- Name: posts_id_seq; Type: SEQUENCE; Schema: public; Owner: postgres
--

CREATE SEQUENCE public.posts_id_seq
    AS integer
    START WITH 1
    INCREMENT BY 1
    NO MINVALUE
    NO MAXVALUE
    CACHE 1;


ALTER TABLE public.posts_id_seq OWNER TO postgres;

--
-- Name: posts_id_seq; Type: SEQUENCE OWNED BY; Schema: public; Owner: postgres
--

ALTER SEQUENCE public.posts_id_seq OWNED BY public.posts.id;


--
-- Name: users; Type: TABLE; Schema: public; Owner: postgres
--

CREATE TABLE public.users (
    id integer NOT NULL,
    username character varying NOT NULL,
    hashed_password character varying NOT NULL,
    last_login timestamp without time zone,
    last_request timestamp without time zone
);


ALTER TABLE public.users OWNER TO postgres;

--
-- Name: users_id_seq; Type: SEQUENCE; Schema: public; Owner: postgres
--

CREATE SEQUENCE public.users_id_seq
    AS integer
    START WITH 1
    INCREMENT BY 1
    NO MINVALUE
    NO MAXVALUE
    CACHE 1;


ALTER TABLE public.users_id_seq OWNER TO postgres;

--
-- Name: users_id_seq; Type: SEQUENCE OWNED BY; Schema: public; Owner: postgres
--

ALTER SEQUENCE public.users_id_seq OWNED BY public.users.id;


--
-- Name: post_likes id; Type: DEFAULT; Schema: public; Owner: postgres
--

ALTER TABLE ONLY public.post_likes ALTER COLUMN id SET DEFAULT nextval('public.post_likes_id_seq'::regclass);


--
-- Name: posts id; Type: DEFAULT; Schema: public; Owner: postgres
--

ALTER TABLE ONLY public.posts ALTER COLUMN id SET DEFAULT nextval('public.posts_id_seq'::regclass);


--
-- Name: users id; Type: DEFAULT; Schema: public; Owner: postgres
--

ALTER TABLE ONLY public.users ALTER COLUMN id SET DEFAULT nextval('public.users_id_seq'::regclass);


--
-- Data for Name: post_likes; Type: TABLE DATA; Schema: public; Owner: postgres
--

COPY public.post_likes (id, post_id, user_id, created) FROM stdin;
11	1	1	2023-01-17 15:03:27.627958
12	1	2	2023-01-17 19:12:18.066324
13	2	2	2023-01-17 19:12:23.003728
14	5	2	2023-01-17 20:52:03.51499
\.


--
-- Data for Name: posts; Type: TABLE DATA; Schema: public; Owner: postgres
--

COPY public.posts (id, title, description, owner_id) FROM stdin;
1	post1		1
2	post2		1
3	post2		1
4	post4		2
5	post5		2
\.


--
-- Data for Name: users; Type: TABLE DATA; Schema: public; Owner: postgres
--

COPY public.users (id, username, hashed_password, last_login, last_request) FROM stdin;
1	user1	$2b$12$u8MQNprriJA0fx8jdf0HXOUQwoq356nhZbOty8zs.3d9PerNeIOo2	2023-01-17 19:14:25.35798	2023-01-17 19:11:27.469148
2	user2	$2b$12$BjlthHrw.Cvx7t.FwXD4V.jIqPFBuAhX428783.PPVgzAjWjjmFXa	2023-01-17 22:48:47.752573	2023-01-17 22:49:59.247279
\.


--
-- Name: post_likes_id_seq; Type: SEQUENCE SET; Schema: public; Owner: postgres
--

SELECT pg_catalog.setval('public.post_likes_id_seq', 14, true);


--
-- Name: posts_id_seq; Type: SEQUENCE SET; Schema: public; Owner: postgres
--

SELECT pg_catalog.setval('public.posts_id_seq', 5, true);


--
-- Name: users_id_seq; Type: SEQUENCE SET; Schema: public; Owner: postgres
--

SELECT pg_catalog.setval('public.users_id_seq', 2, true);


--
-- Name: post_likes post_likes_pkey; Type: CONSTRAINT; Schema: public; Owner: postgres
--

ALTER TABLE ONLY public.post_likes
    ADD CONSTRAINT post_likes_pkey PRIMARY KEY (id);


--
-- Name: post_likes post_user_unique; Type: CONSTRAINT; Schema: public; Owner: postgres
--

ALTER TABLE ONLY public.post_likes
    ADD CONSTRAINT post_user_unique UNIQUE (post_id, user_id);


--
-- Name: posts posts_pkey; Type: CONSTRAINT; Schema: public; Owner: postgres
--

ALTER TABLE ONLY public.posts
    ADD CONSTRAINT posts_pkey PRIMARY KEY (id);


--
-- Name: users users_pkey; Type: CONSTRAINT; Schema: public; Owner: postgres
--

ALTER TABLE ONLY public.users
    ADD CONSTRAINT users_pkey PRIMARY KEY (id);


--
-- Name: ix_post_likes_id; Type: INDEX; Schema: public; Owner: postgres
--

CREATE INDEX ix_post_likes_id ON public.post_likes USING btree (id);


--
-- Name: ix_posts_description; Type: INDEX; Schema: public; Owner: postgres
--

CREATE INDEX ix_posts_description ON public.posts USING btree (description);


--
-- Name: ix_posts_id; Type: INDEX; Schema: public; Owner: postgres
--

CREATE INDEX ix_posts_id ON public.posts USING btree (id);


--
-- Name: ix_posts_title; Type: INDEX; Schema: public; Owner: postgres
--

CREATE INDEX ix_posts_title ON public.posts USING btree (title);


--
-- Name: ix_users_id; Type: INDEX; Schema: public; Owner: postgres
--

CREATE INDEX ix_users_id ON public.users USING btree (id);


--
-- Name: ix_users_username; Type: INDEX; Schema: public; Owner: postgres
--

CREATE UNIQUE INDEX ix_users_username ON public.users USING btree (username);


--
-- Name: post_likes post_likes_post_id_fkey; Type: FK CONSTRAINT; Schema: public; Owner: postgres
--

ALTER TABLE ONLY public.post_likes
    ADD CONSTRAINT post_likes_post_id_fkey FOREIGN KEY (post_id) REFERENCES public.posts(id);


--
-- Name: post_likes post_likes_user_id_fkey; Type: FK CONSTRAINT; Schema: public; Owner: postgres
--

ALTER TABLE ONLY public.post_likes
    ADD CONSTRAINT post_likes_user_id_fkey FOREIGN KEY (user_id) REFERENCES public.users(id);


--
-- Name: posts posts_owner_id_fkey; Type: FK CONSTRAINT; Schema: public; Owner: postgres
--

ALTER TABLE ONLY public.posts
    ADD CONSTRAINT posts_owner_id_fkey FOREIGN KEY (owner_id) REFERENCES public.users(id);


--
-- PostgreSQL database dump complete
--

